Word,Frequency
clydebuttstaff,1
carpedonktum,1
kingjames,2
nba,17
barstoolsports,1
bleacherreport,1
stevekerr,1
dmorey,1
cctv,1
brilliantmemetwit,1
lebronshames,1
lebronchina,1
nbachina,1
hongkong,1
best,7
clip,7
start,7
season,9
kid,7
baiting,7
broadcast,7
flashing,7
fight,7
freedom,8
stand,7
hong,8
kong,8
sign,7
tv,7
cameraman,7
pans,7
away,8
httpstcobubycx,7
removing,1
footwear,1
color,1
restrictions,1
upcoming,1
players,2
wear,1
whatever,1
colors,1
want,2
every,1
nighthttpstcoxcznqb,1
jail,1
specially,1
created,1
like,2
kcp,1
play,1
trash,1
lock,1
ass,1
throw,1
keys,1
kawhi,1
leonard,1
pts,3
fgm,1
leads,1
scorers,1
break,1
nbaontnt,1
kiatipoff,1
clippernation,1
lakeshow,1
lou,1
fgmanthony,1
davis,1
ptslebron,1
james,2
ast,1
httpstcoohgeuko,1
back,1
httpstcoxdoewkwc,1
badiucao,1
formerly,1
giant,1
rebound,1
now,2
evolved,1
defender,1
core,1
value,1
respect,1
just,1
came,1
incredible,1
see,1
millions,1
people,1
standing,1
democracy,1
values,1
americans,1
american,1
companies,1
including,1
defend,1
apologize,1
standforfreedom,1
deutsche,1
bank,1
upgraded,1
jamess,1
place,1
buy,1
httpstcodvrzisoyf,1
proof,1
zoomers,1
master,1
race,1
even,1
younger,1
end,1
generational,1
scale,1
know,1
youll,1
yrs,1
listen,1
talk,1
tongue,1
rudder,1
lakers,1
washed,1
good,1
game,1
openers,1
today,1
first,1
time,1
years,1
wont,1
watching,1
opener,1
jaykubzscouts,1
poetry,1
motion,1
httpstcoqmvdsfjl,1
award,1
predictionsmvp,1
damian,1
lillarddpoy,1
zach,1
collinscoy,1
terry,1
stottsroy,1
nassir,1
littlemip,1
anfernee,1
simonsth,1
man,1
kent,1
bazemore,1
